<?xml version="1.0" encoding="UTF-8"?>
<project-private xmlns="http://www.netbeans.org/ns/project-private/1">
    <editor-bookmarks xmlns="http://www.netbeans.org/ns/editor-bookmarks/2" lastBookmarkId="0"/>
    <open-files xmlns="http://www.netbeans.org/ns/projectui-open-files/2">
        <group>
            <file>file:/C:/Animal_editado/Animal_editado/src/trabalho2/Cachorro.java</file>
            <file>file:/C:/Animal_editado/Animal_editado/src/trabalho2/Ave.java</file>
            <file>file:/C:/Animal_editado/Animal_editado/src/trabalho2/Animal.java</file>
            <file>file:/C:/Animal_editado/Animal_editado/src/trabalho2/Betta.java</file>
            <file>file:/C:/Animal_editado/Animal_editado/src/trabalho2/Mamifero.java</file>
            <file>file:/C:/Animal_editado/Animal_editado/src/trabalho2/Dourado.java</file>
            <file>file:/C:/Animal_editado/Animal_editado/src/trabalho2/botarOvo.java</file>
            <file>file:/C:/Animal_editado/Animal_editado/src/trabalho2/Ganso.java</file>
        </group>
    </open-files>
</project-private>
